doc_id,title,source_url,revised_date,effective_date,downloaded_at
DGO-1.01,Organizational Structure,https://www.sanfranciscopolice.org/your-sfpd/policies/general-orders/1-01,1999-09-13,,2026-09-27T20:19:41+00:00
DGO-1.02,District Boundaries,https://www.sanfranciscopolice.org/your-sfpd/policies/general-orders/1-02,,2015-07-19,2026-09-27T20:19:43+00:00
DGO-1.03,Duties of Patrol Officers,https://www.sanfranciscopolice.org/your-sfpd/policies/general-orders/1-03,1996-04-17,,2026-09-27T20:19:44+00:00
DGO-1.04,Duties of Sergeants,https://www.sanfranciscopolice.org/your-sfpd/policies/general-orders/1-04,,1994-07-20,2026-09-27T20:19:46+00:00
DGO-1.05,Duties of Station Personnel,https://www.sanfranciscopolice.org/your-sfpd/policies/general-orders/1-05,,1994-07-20,2026-09-27T20:19:47+00:00
DGO-1.06,Duties of Commissioned Officers,https://www.sanfranciscopolice.org/your-sfpd/policies/general-orders/1-06,2025-04-02,2025-06-05,2026-09-27T20:19:49+00:00
DGO-1.08,Community Policing,https://www.sanfranciscopolice.org/your-sfpd/policies/general-orders/1-08-0,2021-02-10,,2026-09-27T20:01:18+00:00
DGO-2.01,General Rules of Conduct,https://www.sanfranciscopolice.org/your-sfpd/policies/general-orders/2-01,2023-09-06,2023-10-18,2026-09-27T20:01:19+00:00
DGO-2.02,Alcohol Use by Sworn Department Members,https://www.sanfranciscopolice.org/your-sfpd/policies/general-orders/2-02,2023-09-06,2023-10-18,2026-09-27T20:19:50+00:00
DGO-2.03,Use of Intoxicants or Drugs by Sworn Department Members,https://www.sanfranciscopolice.org/your-sfpd/policies/general-orders/2-03,2023-09-06,2023-10-18,2026-09-27T20:19:52+00:00
DGO-2.04,Complaints Against Officers,https://www.sanfranciscopolice.org/your-sfpd/policies/general-orders/2-04,,2019-05-15,2026-09-27T20:01:21+00:00
DGO-2.05,Citizen Complaints Against Non-Sworn Members,https://www.sanfranciscopolice.org/your-sfpd/policies/general-orders/2-05,,1994-07-20,2026-09-27T20:19:54+00:00
DGO-2.06,Vehicle Crashes Involving Employees,https://www.sanfranciscopolice.org/your-sfpd/policies/general-orders/2-06,2024-09-04,2024-10-19,2026-09-27T20:19:55+00:00
DGO-2.07,Discipline Process for Sworn Officers,https://www.sanfranciscopolice.org/your-sfpd/policies/general-orders/2-07,2025-04-02,2025-06-05,2026-09-27T20:19:57+00:00
DGO-2.08,Peace Officer Rights in Disciplinary Investigations,https://www.sanfranciscopolice.org/your-sfpd/policies/general-orders/2-08,2023-05-03,,2026-09-27T20:19:58+00:00
DGO-2.09,Personal Use of Social Media,https://www.sanfranciscopolice.org/your-sfpd/policies/general-orders/2-09,,2016-09-21,2026-09-27T20:20:00+00:00
DGO-3.01,Department Written Directives,https://www.sanfranciscopolice.org/your-sfpd/policies/general-orders/3-01,2022-07-13,,2026-09-27T20:20:02+00:00
DGO-3.02,Terms and Definitions,https://www.sanfranciscopolice.org/your-sfpd/policies/general-orders/3-02,2026-01-21,2026-03-05,2026-09-27T20:20:03+00:00
DGO-3.03,Facilities Management,https://www.sanfranciscopolice.org/your-sfpd/policies/general-orders/3-03,,1994-07-20,2026-09-27T20:20:05+00:00
DGO-3.04,Purchasing Policy and Procedures,https://www.sanfranciscopolice.org/your-sfpd/policies/general-orders/3-04,,1994-07-20,2026-09-27T20:20:06+00:00
DGO-3.05,Department Weapon Return Panel,https://www.sanfranciscopolice.org/your-sfpd/policies/general-orders/3-05,2023-10-04,2023-11-09,2026-09-27T20:20:08+00:00
DGO-3.06,Residence Certification,https://www.sanfranciscopolice.org/your-sfpd/policies/general-orders/3-06,2019-05-07,,2026-09-27T20:20:10+00:00
DGO-3.07,Police Department Collision Board of Review,https://www.sanfranciscopolice.org/your-sfpd/policies/general-orders/3-07,2022-09-14,,2026-09-27T20:20:11+00:00
DGO-3.08,Court Appearances by Members,https://www.sanfranciscopolice.org/your-sfpd/policies/general-orders/3-08,,1994-07-20,2026-09-27T20:20:13+00:00
DGO-3.09,Department Awards,https://www.sanfranciscopolice.org/your-sfpd/policies/general-orders/3-09,2022-04-13,,2026-09-27T20:20:15+00:00
DGO-3.10,Serious Incident Review Board,https://www.sanfranciscopolice.org/your-sfpd/policies/general-orders/3-10,2025-04-02,2025-06-05,2026-09-27T20:20:16+00:00
DGO-3.12,Department Training Plan,https://www.sanfranciscopolice.org/your-sfpd/policies/general-orders/3-12,2024-06-05,2024-07-19,2026-09-27T20:20:18+00:00
DGO-3.13,Field Training Program,https://www.sanfranciscopolice.org/your-sfpd/policies/general-orders/3-13,2024-01-10,2024-02-23,2026-09-27T20:20:19+00:00
DGO-3.14,Civil Legal Process,https://www.sanfranciscopolice.org/your-sfpd/policies/general-orders/3-14,,1994-07-20,2026-09-27T20:20:21+00:00
DGO-3.16,Release of Police Reports,https://www.sanfranciscopolice.org/your-sfpd/policies/general-orders/3-16,2018-12-12,,2026-09-27T20:20:23+00:00
DGO-3.17,Department Identification Cards,https://www.sanfranciscopolice.org/your-sfpd/policies/general-orders/3-17,2022-12-14,,2026-09-27T20:20:24+00:00
DGO-3.18,Performance Improvement Program,https://www.sanfranciscopolice.org/your-sfpd/policies/general-orders/3-18,,1994-07-20,2026-09-27T20:20:26+00:00
DGO-3.19,Early Intervention System,https://www.sanfranciscopolice.org/your-sfpd/policies/general-orders/3-19,2007-02-21,,2026-09-27T20:20:28+00:00
DGO-5.01,Use of Force Policy and Proper Control of a Person,https://www.sanfranciscopolice.org/your-sfpd/policies/general-orders/5-01,2024-09-04,2024-10-19,2026-09-27T20:01:23+00:00
DGO-5.03,Investigative Detentions,https://www.sanfranciscopolice.org/your-sfpd/policies/general-orders/5-03,2024-09-18,2024-10-19,2026-09-27T20:20:29+00:00
DGO-5.04,Arrests by Private Persons,https://www.sanfranciscopolice.org/your-sfpd/policies/general-orders/5-04,2024-09-04,2024-10-19,2026-09-27T20:20:31+00:00
DGO-5.05,Emergency Response and Pursuit Driving,https://www.sanfranciscopolice.org/your-sfpd/policies/general-orders/5-05,2024-09-18,2024-11-22,2026-09-27T20:01:24+00:00
DGO-5.06,Citation Release,https://www.sanfranciscopolice.org/your-sfpd/policies/general-orders/5-06,2024-09-04,2024-10-19,2026-09-27T20:20:32+00:00
DGO-5.07,Rights of Onlookers,https://www.sanfranciscopolice.org/your-sfpd/policies/general-orders/5-07,2023-09-06,2024-01-19,2026-09-27T20:20:34+00:00
DGO-5.08,"Plainclothes, Non-Uniformed, and Undercover Officers",https://www.sanfranciscopolice.org/your-sfpd/policies/general-orders/5-08-0,2026-03-18,2026-05-21,2026-09-27T20:20:36+00:00
DGO-5.09,Absentia Bookings and Prisoner Security,https://www.sanfranciscopolice.org/your-sfpd/policies/general-orders/5-09,2005-11-02,,2026-09-27T20:20:37+00:00
DGO-5.10,False Alarms,https://www.sanfranciscopolice.org/your-sfpd/policies/general-orders/5-10,2007-02-28,,2026-09-27T20:20:39+00:00
DGO-5.11,Outside Agency Reports and Responses,https://www.sanfranciscopolice.org/your-sfpd/policies/general-orders/5-11,,1994-07-20,2026-09-27T20:20:40+00:00
DGO-5.13,Diplomatic Immunity,https://www.sanfranciscopolice.org/your-sfpd/policies/general-orders/5-13,2025-04-02,2025-06-05,2026-09-27T20:20:42+00:00
DGO-5.14,Interagency Operations,https://www.sanfranciscopolice.org/your-sfpd/policies/general-orders/5-14,,1995-05-17,2026-09-27T20:20:44+00:00
DGO-5.15,Enforcement of Immigration Laws,https://www.sanfranciscopolice.org/your-sfpd/policies/general-orders/5-15,2020-01-08,,2026-09-27T20:20:45+00:00
DGO-5.16,Search Warrants,https://www.sanfranciscopolice.org/your-sfpd/policies/general-orders/5-16,2023-09-06,2024-01-19,2026-09-27T20:20:47+00:00
DGO-5.17,Bias-Free Policing Policy,https://www.sanfranciscopolice.org/your-sfpd/policies/general-orders/5-17,2020-08-12,,2026-09-27T20:20:48+00:00
DGO-5.18,Persons in Custody and Transportation,https://www.sanfranciscopolice.org/your-sfpd/policies/general-orders/5-18,2025-09-17,2025-11-21,2026-09-27T20:20:50+00:00
DGO-5.20,Language Access Services,https://www.sanfranciscopolice.org/your-sfpd/policies/general-orders/5-20-0,2026-07-08,2026-08-19,2026-09-27T20:20:52+00:00
DGO-5.21,The Crisis Intervention Team (CIT) Response to Person in Crisis Calls for Service,https://www.sanfranciscopolice.org/your-sfpd/policies/general-orders/5-21,,2016-12-21,2026-09-27T20:01:26+00:00
DGO-5.22,"Interacting with Transgender, Gender-Variant, and Nonbinary Individuals",https://www.sanfranciscopolice.org/your-sfpd/policies/general-orders/5-22,,2018-10-03,2026-09-27T20:20:53+00:00
DGO-5.23,Interacting with Deaf and Hard of Hearing Individuals,https://www.sanfranciscopolice.org/your-sfpd/policies/general-orders/5-23-0,2026-07-08,2026-08-19,2026-09-27T20:20:55+00:00
DGO-5.24,Disengagement Procedures,https://www.sanfranciscopolice.org/your-sfpd/policies/general-orders/5-24,2023-05-03,2023-07-18,2026-09-27T20:20:57+00:00
DGO-5.25,Foot Pursuits,https://www.sanfranciscopolice.org/your-sfpd/policies/general-orders/5-25,2024-03-06,2024-05-08,2026-09-27T20:20:58+00:00
DGO-6.02,Physical Evidence and Scene Preservation,https://www.sanfranciscopolice.org/your-sfpd/policies/general-orders/6-02,2023-06-14,,2026-09-27T20:21:00+00:00
DGO-6.03,Underwater Diving Operations,https://www.sanfranciscopolice.org/your-sfpd/policies/general-orders/6-03,2020-05-20,,2026-09-27T20:21:01+00:00
DGO-6.04,Assaults on Police Officers,https://www.sanfranciscopolice.org/your-sfpd/policies/general-orders/6-04,2023-06-14,,2026-09-27T20:21:03+00:00
DGO-6.05,Death Cases,https://www.sanfranciscopolice.org/your-sfpd/policies/general-orders/6-05,2023-06-14,2023-09-21,2026-09-27T20:21:05+00:00
DGO-6.06,Tarasoff Incidents,https://www.sanfranciscopolice.org/your-sfpd/policies/general-orders/6-06,1996-07-10,,2026-09-27T20:21:06+00:00
DGO-6.07,Dog Complaints,https://www.sanfranciscopolice.org/your-sfpd/policies/general-orders/6-07,2025-06-04,2025-07-18,2026-09-27T20:21:08+00:00
DGO-6.08,Aggressive Soliciting,https://www.sanfranciscopolice.org/your-sfpd/policies/general-orders/6-08,,1994-07-27,2026-09-27T20:21:09+00:00
DGO-6.09,Domestic Violence,https://www.sanfranciscopolice.org/your-sfpd/policies/general-orders/6-09,2022-01-12,2022-10-22,2026-09-27T20:01:28+00:00
DGO-6.10,Missing Persons,https://www.sanfranciscopolice.org/your-sfpd/policies/general-orders/6-10,2025-06-18,2025-08-01,2026-09-27T20:01:29+00:00
DGO-6.11,Obstruction of Streets and Sidewalks,https://www.sanfranciscopolice.org/your-sfpd/policies/general-orders/6-11,,1994-07-27,2026-09-27T20:21:11+00:00
DGO-6.12,Arrests of Persons on Parole or Probation,https://www.sanfranciscopolice.org/your-sfpd/policies/general-orders/6-12,,1994-07-27,2026-09-27T20:21:12+00:00
DGO-6.13,Hate Crimes,https://www.sanfranciscopolice.org/your-sfpd/policies/general-orders/6-13-0,2026-03-18,2026-04-30,2026-09-27T20:21:14+00:00
DGO-6.14,Psychological Evaluation of Adults,https://www.sanfranciscopolice.org/your-sfpd/policies/general-orders/6-14,2025-04-16,2025-05-29,2026-09-27T20:21:16+00:00
DGO-6.15,Property Processing,https://www.sanfranciscopolice.org/your-sfpd/policies/general-orders/6-15,,1994-07-27,2026-09-27T20:21:17+00:00
DGO-6.16,Sexual Assaults,https://www.sanfranciscopolice.org/your-sfpd/policies/general-orders/6-16-0,2025-11-19,2026-01-28,2026-09-27T20:21:19+00:00
DGO-6.18,Warrant Arrests,https://www.sanfranciscopolice.org/your-sfpd/policies/general-orders/6-18,,1994-07-27,2026-09-27T20:21:20+00:00
DGO-6.19,Victim of Violent Crime Notification,https://www.sanfranciscopolice.org/your-sfpd/policies/general-orders/6-19,2020-11-04,,2026-09-27T20:21:22+00:00
DGO-6.20,Member-Involved Domestic Violence,https://www.sanfranciscopolice.org/your-sfpd/policies/general-orders/6-20,2024-06-05,2024-07-19,2026-09-27T20:21:24+00:00
DGO-7.01,"Policies and Procedures for Juveniles, Detention, Arrest, and Custody",https://www.sanfranciscopolice.org/your-sfpd/policies/general-orders/7-01,2008-05-07,,2026-09-27T20:21:25+00:00
DGO-7.02,Psychological Evaluation of Juveniles,https://www.sanfranciscopolice.org/your-sfpd/policies/general-orders/7-02,2004-08-04,,2026-09-27T20:21:27+00:00
DGO-7.03,Information Dissemination Regarding Registered Sex Offenders Megan's Law,https://www.sanfranciscopolice.org/your-sfpd/policies/general-orders/7-03,2024-01-10,2024-02-23,2026-09-27T20:21:28+00:00
DGO-7.04,Children of Arrested Parents,https://www.sanfranciscopolice.org/your-sfpd/policies/general-orders/7-04,,2014-05-07,2026-09-27T20:21:30+00:00
DGO-8.01,Major and Critical Incident Evaluation and Notification,https://www.sanfranciscopolice.org/your-sfpd/policies/general-orders/8-01,2023-05-03,,2026-09-27T20:21:32+00:00
DGO-8.02,Hostage and Barricaded Suspect,https://www.sanfranciscopolice.org/your-sfpd/policies/general-orders/8-02,2022-07-06,2022-08-18,2026-09-27T20:21:33+00:00
DGO-8.03,Crowd Control,https://www.sanfranciscopolice.org/your-sfpd/policies/general-orders/8-03,2025-01-15,2025-03-21,2026-09-27T20:01:31+00:00
DGO-8.04,Critical Incident Response Team,https://www.sanfranciscopolice.org/your-sfpd/policies/general-orders/8-04,2024-02-14,2024-03-28,2026-09-27T20:21:35+00:00
DGO-8.05,Labor Disputes,https://www.sanfranciscopolice.org/your-sfpd/policies/general-orders/8-05,,1994-08-24,2026-09-27T20:21:37+00:00
DGO-8.06,Fire Procedures,https://www.sanfranciscopolice.org/your-sfpd/policies/general-orders/8-06,,1994-08-03,2026-09-27T20:21:38+00:00
DGO-8.07,Hazardous Material Incidents,https://www.sanfranciscopolice.org/your-sfpd/policies/general-orders/8-07,2017-03-01,,2026-09-27T20:21:40+00:00
DGO-8.08,"Bomb Threats, Clandestine Laboratories, Destructive Devices, Explosions, and Fireworks",https://www.sanfranciscopolice.org/your-sfpd/policies/general-orders/8-08,2014-11-24,2015-01-07,2026-09-27T20:21:41+00:00
DGO-8.09,Media Relations,https://www.sanfranciscopolice.org/your-sfpd/policies/general-orders/8-09,2025-10-01,2025-11-14,2026-09-27T20:21:43+00:00
DGO-8.10,Guidelines for First Amendment Activities,https://www.sanfranciscopolice.org/your-sfpd/policies/general-orders/8-10,2008-10-01,,2026-09-27T20:21:45+00:00
DGO-8.11,Investigation of Officer Involved Shootings and Discharges,https://www.sanfranciscopolice.org/your-sfpd/policies/general-orders/8-11,,2005-09-21,2026-09-27T20:21:46+00:00
DGO-8.12,In-Custody Deaths,https://www.sanfranciscopolice.org/your-sfpd/policies/general-orders/8-12-0,2026-03-04,2026-04-15,2026-09-27T20:21:48+00:00
DGO-9.01,Traffic Enforcement,https://www.sanfranciscopolice.org/your-sfpd/policies/general-orders/9-01,2023-09-06,,2026-09-27T20:21:49+00:00
DGO-9.02,Vehicle Crashes,https://www.sanfranciscopolice.org/your-sfpd/policies/general-orders/9-02,2023-09-06,2023-10-17,2026-09-27T20:21:51+00:00
DGO-9.03,Mandatory Blood Tests for Drivers Under the Influence,https://www.sanfranciscopolice.org/your-sfpd/policies/general-orders/9-03,1998-03-18,1998-04-01,2026-09-27T20:21:53+00:00
DGO-9.04,Seat Belt Policy,https://www.sanfranciscopolice.org/your-sfpd/policies/general-orders/9-04,2024-03-06,2024-07-16,2026-09-27T20:21:54+00:00
DGO-9.05,Citation Control,https://www.sanfranciscopolice.org/your-sfpd/policies/general-orders/9-05,2024-03-06,2024-05-08,2026-09-27T20:21:56+00:00
DGO-9.06,Vehicle Tows,https://www.sanfranciscopolice.org/your-sfpd/policies/general-orders/9-06,2025-09-17,2025-11-21,2026-09-27T20:21:57+00:00
DGO-9.07,Restricting The Use of Pretext Stops,https://www.sanfranciscopolice.org/your-sfpd/policies/general-orders/9-07,2024-03-07,2024-07-17,2026-09-27T20:21:59+00:00
DGO-10.01,Uniform and Equipment Classes,https://www.sanfranciscopolice.org/your-sfpd/policies/general-orders/10-01,,1994-08-10,2026-09-27T20:22:00+00:00
DGO-10.02,Equipment,https://www.sanfranciscopolice.org/your-sfpd/policies/general-orders/10-02,2024-04-17,2024-06-21,2026-09-27T20:22:02+00:00
DGO-10.03,Helmet Identification,https://www.sanfranciscopolice.org/your-sfpd/policies/general-orders/10-03,,1994-08-10,2026-09-27T20:22:04+00:00
DGO-10.06,Uniform and Equipment Issuance and Replacement,https://www.sanfranciscopolice.org/your-sfpd/policies/general-orders/10-06,,1994-08-10,2026-09-27T20:22:05+00:00
DGO-10.08,Use of Computers and Peripheral Equipment,https://www.sanfranciscopolice.org/your-sfpd/policies/general-orders/10-08,,2002-03-29,2026-09-27T20:22:07+00:00
DGO-10.10,Motor Fleet,https://www.sanfranciscopolice.org/your-sfpd/policies/general-orders/10-10,2004-07-07,,2026-09-27T20:22:08+00:00
DGO-10.11,Body Worn Cameras,https://www.sanfranciscopolice.org/your-sfpd/policies/general-orders/10-11,2025-09-03,2025-11-06,2026-09-27T20:01:32+00:00
DGO-11.02,Secondary Employment,https://www.sanfranciscopolice.org/your-sfpd/policies/general-orders/11-02,2025-09-03,2025-10-16,2026-09-27T20:22:10+00:00
DGO-11.04,Peer Support Program,https://www.sanfranciscopolice.org/your-sfpd/policies/general-orders/11-04,,2009-12-09,2026-09-27T20:22:12+00:00
DGO-11.06,Personnel Transfers,https://www.sanfranciscopolice.org/your-sfpd/policies/general-orders/11-06,1999-09-14,,2026-09-27T20:22:13+00:00
DGO-11.07,"Prohibiting Discrimination, Harassment, and Retaliation",https://www.sanfranciscopolice.org/your-sfpd/policies/general-orders/11-07,2020-05-20,,2026-09-27T20:22:15+00:00
DGO-11.08,Grooming Standards,https://www.sanfranciscopolice.org/your-sfpd/policies/general-orders/11-08,2023-06-14,,2026-09-27T20:22:16+00:00
DGO-11.09,Employee Assistance Program/Stress Unit,https://www.sanfranciscopolice.org/your-sfpd/policies/general-orders/11-09,2024-06-23,,2026-09-27T20:22:18+00:00
DGO-11.10,Physical Fitness Evaluation Program,https://www.sanfranciscopolice.org/your-sfpd/policies/general-orders/11-10,2020-05-20,,2026-09-27T20:22:20+00:00
DGO-11.11,Intervention and Resource Program,https://www.sanfranciscopolice.org/your-sfpd/policies/general-orders/11-11,2021-03-17,,2026-09-27T20:22:21+00:00
DGO-11.12,Temporary Modified Duty / Reasonable Accomodation,https://www.sanfranciscopolice.org/your-sfpd/policies/general-orders/11-12,2004-01-07,,2026-09-27T20:22:23+00:00
DGO-11.13,Directed and Recommended Referrals to the SFPD Behavioral Science Unit,https://www.sanfranciscopolice.org/your-sfpd/policies/general-orders/11-13,,2023-07-12,2026-09-27T20:22:24+00:00
